{
	"credit": "Made with Blockbench",
	"parent": "block/block",
	"textures": {
		"0": "computercraft:block/wireless_modem_advanced",
		"1": "computercraft:block/wireless_antenna",
		"particle": "computercraft:block/wireless_modem_advanced"
	},
	"elements": [
		{
			"name": "Corps",
			"from": [3, 1, 0],
			"to": [13, 15, 4],
			"faces": {
				"north": {"uv": [0, 0, 5, 7], "rotation": 180, "texture": "#0"},
				"east": {"uv": [10, 0, 12, 7], "texture": "#0"},
				"south": {"uv": [5, 0, 10, 7], "texture": "#0"},
				"west": {"uv": [10, 0, 12, 7], "rotation": 180, "texture": "#0"},
				"up": {"uv": [5, 7, 10, 9], "rotation": 180, "texture": "#0"},
				"down": {"uv": [5, 7, 10, 9], "texture": "#0"}
			}
		},
		{
			"name": "Antenne",
			"from": [4, 12, 4],
			"to": [5, 21, 5],
			"rotation": {"angle": 0, "axis": "y", "origin": [4, 12, 4]},
			"faces": {
				"north": {"uv": [1, 1, 2, 10], "texture": "#1"},
				"east": {"uv": [1, 1, 2, 10], "texture": "#1"},
				"south": {"uv": [1, 1, 2, 10], "texture": "#1"},
				"west": {"uv": [1, 1, 2, 10], "texture": "#1"},
				"up": {"uv": [1, 1, 2, 2], "texture": "#1"},
				"down": {"uv": [1, 9, 2, 10], "texture": "#1"}
			}
		},
		{
			"from": [-2.14386, 16.77791, 2],
			"to": [-0.14386, 16.77791, 7],
			"rotation": {"angle": -22.5, "axis": "z", "origin": [4, 12, 4]},
			"faces": {
				"north": {"uv": [0, 0, 2, 0], "texture": "#1"},
				"east": {"uv": [0, 0, 5, 0], "texture": "#1"},
				"south": {"uv": [0, 0, 2, 0], "texture": "#1"},
				"west": {"uv": [0, 0, 5, 0], "texture": "#1"},
				"up": {"uv": [3, 1, 5, 6], "texture": "#1"},
				"down": {"uv": [3, 1, 5, 6], "texture": "#1"}
			}
		},
		{
			"from": [2, 18, 2],
			"to": [7, 18, 7],
			"rotation": {"angle": 0, "axis": "y", "origin": [4, 12, 4]},
			"faces": {
				"north": {"uv": [0, 0, 5, 0], "texture": "#1"},
				"east": {"uv": [0, 0, 5, 0], "texture": "#1"},
				"south": {"uv": [0, 0, 5, 0], "texture": "#1"},
				"west": {"uv": [0, 0, 5, 0], "texture": "#1"},
				"up": {"uv": [4, 1, 9, 6], "texture": "#1"},
				"down": {"uv": [4, 1, 9, 6], "texture": "#1"}
			}
		},
		{
			"from": [2, 16.77791, -2.14386],
			"to": [7, 16.77791, -0.14386],
			"rotation": {"angle": 22.5, "axis": "x", "origin": [4, 12, 4]},
			"faces": {
				"north": {"uv": [0, 0, 5, 0], "texture": "#1"},
				"east": {"uv": [0, 0, 2, 0], "texture": "#1"},
				"south": {"uv": [0, 0, 5, 0], "texture": "#1"},
				"west": {"uv": [0, 0, 2, 0], "texture": "#1"},
				"up": {"uv": [4, 0, 9, 2], "texture": "#1"},
				"down": {"uv": [4, 2, 9, 0], "texture": "#1"}
			}
		},
		{
			"from": [2, 16.39523, 9.06774],
			"to": [7, 16.39523, 11.06774],
			"rotation": {"angle": -22.5, "axis": "x", "origin": [4, 12, 4]},
			"faces": {
				"north": {"uv": [0, 0, 5, 0], "texture": "#1"},
				"east": {"uv": [0, 0, 2, 0], "texture": "#1"},
				"south": {"uv": [0, 0, 5, 0], "texture": "#1"},
				"west": {"uv": [0, 0, 2, 0], "texture": "#1"},
				"up": {"uv": [4, 5, 9, 7], "texture": "#1"},
				"down": {"uv": [4, 7, 9, 5], "texture": "#1"}
			}
		},
		{
			"from": [9.06774, 16.39523, 2],
			"to": [11.06774, 16.39523, 7],
			"rotation": {"angle": 22.5, "axis": "z", "origin": [4, 12, 4]},
			"faces": {
				"north": {"uv": [0, 0, 2, 0], "texture": "#1"},
				"east": {"uv": [0, 0, 5, 0], "texture": "#1"},
				"south": {"uv": [0, 0, 2, 0], "texture": "#1"},
				"west": {"uv": [0, 0, 5, 0], "texture": "#1"},
				"up": {"uv": [8, 1, 10, 6], "texture": "#1"},
				"down": {"uv": [8, 1, 10, 6], "texture": "#1"}
			}
		}
	],
	"groups": [
		0,
		1,
		{
			"name": "Parabole",
			"origin": [0, 0, 0],
			"color": 0,
			"children": [2, 3, 4, 5, 6]
		}
	]
}